text_id,text,PERSON,ID_MAROC,PHONE_NUMBER,EMAIL_ADDRESS,IBAN_CODE,DATE_TIME,LOCATION
1,"Contrat de location :
- Locataire : [MASQUÉ]
- CIN : [MASQUÉ]
- Téléphone : [MASQUÉ]
- Adresse : 62, avenue [MASQUÉ], 97389 [MASQUÉ] : henriettecourtois@example.org",[MASQUÉ],[MASQUÉ],[MASQUÉ],henriettecourtois@example.org,,,"62, avenue [MASQUÉ], 97389 [MASQUÉ]"
2,"Contrat de location :
- Locataire : [MASQUÉ] CIN : [MASQUÉ]
- Téléphone : [MASQUÉ]
- Adresse : 96, [MASQUÉ], 06823 De Sousa-sur-Chevalier
- Email : tpelletier@example.org",[MASQUÉ],[MASQUÉ],[MASQUÉ],tpelletier@example.org,,,"96, [MASQUÉ], [MASQUÉ]"
3,"Transaction #772013:
- Client : [MASQUÉ]
- Montant : 1220 MAD
- Destinataire : IBAN [MASQUÉ]
- Date : 2025-04-04",[MASQUÉ],,[MASQUÉ],,[MASQUÉ],2025-04-04,
4,"Transaction #578241:
- Client : [MASQUÉ] : 6644 MAD
- Destinataire : IBAN [MASQUÉ]
- Date : 2025-01-08",[MASQUÉ],,[MASQUÉ],,[MASQUÉ],2025-01-08,
5,"Transaction #294251:
- Client : [MASQUÉ]
- Montant : 3287 MAD
- Destinataire : IBAN [MASQUÉ]
- Date : 2025-04-27",[MASQUÉ],,[MASQUÉ],,[MASQUÉ],2025-04-27,
6,"Document d'identité :
- Nom : [MASQUÉ]
- CIN : [MASQUÉ]
- Date de naissance : 12/06/2010
- Adresse : 34, rue de Bousquet, 78127 [MASQUÉ]",[MASQUÉ],[MASQUÉ],,,,12/06/2010,"34, rue de Bousquet, 78127 [MASQUÉ]"
7,"Contrat de location :
- Locataire : Emmanuelle Le Navarro
- CIN : [MASQUÉ]
- Téléphone : [MASQUÉ]
- Adresse : [MASQUÉ], 53373 Delmas-sur-Roger
- Email : valleeetienne@example.org",[MASQUÉ],[MASQUÉ],[MASQUÉ],valleeetienne@example.org,,,"[MASQUÉ], 53373 Delmas-sur-Roger"
8,"Contrat de location :
- [MASQUÉ] : [MASQUÉ] : [MASQUÉ]
- Téléphone : [MASQUÉ]
- Adresse : 347, [MASQUÉ], 27295 Faivre-la-Forêt
- Email : pruvostcaroline@example.org",[MASQUÉ],[MASQUÉ],[MASQUÉ],pruvostcaroline@example.org,,,"347, [MASQUÉ], 27295 Faivre-la-Forêt"
9,"Contrat de location :
- [MASQUÉ] : [MASQUÉ] CIN : [MASQUÉ]
- Téléphone : [MASQUÉ]
- Adresse : 11, [MASQUÉ], 64638 LeclercqVille
- Email : morinchristelle@example.com",[MASQUÉ],[MASQUÉ],[MASQUÉ],morinchristelle@example.com,,,"11, [MASQUÉ], 64638 LeclercqVille"
10,"Document d'identité :
- Nom : [MASQUÉ] CIN : [MASQUÉ]
- Date de naissance : 08/10/1982
- Adresse : chemin [MASQUÉ], 74739 HernandezBourg",[MASQUÉ] du Huet,[MASQUÉ],,,,08/10/1982,"chemin [MASQUÉ], 74739 HernandezBourg"
11,"Contrat de location :
- [MASQUÉ] : [MASQUÉ]
- CIN : [MASQUÉ]
- Téléphone : +212683670355
- Adresse : 174, rue Sauvage, 28919 [MASQUÉ]
- Email : samsonsuzanne@example.com",[MASQUÉ],[MASQUÉ],+212683670355,samsonsuzanne@example.com,,,"174, rue Sauvage, 28919 Becker"
12,"Document d'identité :
- Nom : [MASQUÉ]
- CIN : [MASQUÉ]
- Date de naissance : 14/03/1956
- Adresse : 332, rue [MASQUÉ], 75319 Lesage",[MASQUÉ],[MASQUÉ],,,,14/03/1956,"332, rue [MASQUÉ], 75319 Lesage"
13,"Transaction #440293:
- Client : [MASQUÉ] : 974 MAD
- Destinataire : IBAN [MASQUÉ]
- Date : 2025-04-14",[MASQUÉ],,[MASQUÉ],,[MASQUÉ],2025-04-14,
14,"Transaction #335654:
- Client : [MASQUÉ]
- Montant : 4658 MAD
- Destinataire : IBAN [MASQUÉ]
- Date : 2025-04-18",[MASQUÉ],,[MASQUÉ],,[MASQUÉ],2025-04-18,
15,"Document d'identité :
- Nom : Frédérique Le Hubert
- CIN : [MASQUÉ]
- Date de naissance : 17/09/1937
- Adresse : 4, [MASQUÉ], 09997 Saint Rogerboeuf",[MASQUÉ],[MASQUÉ],,,,17/09/1937,"4, [MASQUÉ], 09997 Saint Rogerboeuf"
16,"[MASQUÉ] :
Objet : Facture #126077
[MASQUÉ], votre paiement par carte Diners Club / Carte Blanche terminée par 5709 a été enregistré le 2025-05-21.",,,,,,2025-05-21,
17,"Document d'identité :
- Nom : [MASQUÉ] [MASQUÉ]
- Date de naissance : 31/05/1949
- Adresse : 49, boulevard de Barthelemy, 13157 [MASQUÉ]",[MASQUÉ],[MASQUÉ],,,,31/05/1949,"49, boulevard de Barthelemy, 13157 [MASQUÉ]"
18,"Document d'identité :
- Nom : [MASQUÉ] CIN : [MASQUÉ]
- Date de naissance : 03/05/1995
- Adresse : 310, avenue de Carre, 67492 Baron-sur-Bruneau",[MASQUÉ],[MASQUÉ],,,,03/05/1995,"310, avenue de Carre, 67492 Baron-sur-Bruneau"
19,"Contrat de location :
- [MASQUÉ] : [MASQUÉ]
- CIN : [MASQUÉ]
- Téléphone : [MASQUÉ]
- Adresse : boulevard [MASQUÉ], 67562 [MASQUÉ]
- Email : nicole01@example.org",[MASQUÉ],[MASQUÉ],[MASQUÉ],nicole01@example.org,,,"boulevard [MASQUÉ], 67562 Nguyendan"
20,"Document d'identité :
- Nom : François du Martel
- CIN : [MASQUÉ]
- Date de naissance : 04/04/2024
- Adresse : 48, avenue [MASQUÉ], 87412 [MASQUÉ]",[MASQUÉ],[MASQUÉ],,,,04/04/2024,"48, avenue [MASQUÉ], 87412 [MASQUÉ]"
21,"Document d'identité :
- Nom : [MASQUÉ]
- CIN : [MASQUÉ]
- Date de naissance : 10/02/2013
- Adresse : 85, chemin [MASQUÉ], [MASQUÉ]",[MASQUÉ],[MASQUÉ],,,,10/02/2013,"85, chemin [MASQUÉ], 08739 Imbertdan"
22,"Transaction #144002:
- Client : [MASQUÉ]
- Montant : 8771 MAD
- Destinataire : IBAN [MASQUÉ]
- Date : 2025-02-08",[MASQUÉ],,[MASQUÉ],,[MASQUÉ],2025-02-08,
23,"Contrat de location :
- [MASQUÉ] : Vincent-Émile [MASQUÉ] CIN : [MASQUÉ]
- Téléphone : [MASQUÉ]
- Adresse : 69, chemin [MASQUÉ], 22950 LopesBourg
- Email : carreetienne@example.org",[MASQUÉ],[MASQUÉ],[MASQUÉ],carreetienne@example.org,,,"69, chemin [MASQUÉ], 22950 LopesBourg"
24,"Transaction #681581:
- Client : [MASQUÉ]
- Montant : 9111 MAD
- Destinataire : IBAN [MASQUÉ]
- Date : 2025-04-12",[MASQUÉ],,[MASQUÉ],,[MASQUÉ],2025-04-12,
25,"[MASQUÉ] :
Objet : Facture #18736
[MASQUÉ], votre paiement par carte VISA 16 digit terminée par 3201 a été enregistré le 2025-05-05.",,,,,,2025-05-05,
26,"Transaction #554979:
- Client : [MASQUÉ] : 776 MAD
- Destinataire : IBAN [MASQUÉ]
- Date : 2025-02-11",[MASQUÉ],,[MASQUÉ],,[MASQUÉ],2025-02-11,
27,"Contrat de location :
- [MASQUÉ] : [MASQUÉ]
- CIN : [MASQUÉ]
- Téléphone : [MASQUÉ]
- Adresse : 29, rue [MASQUÉ], 19711 PelletierVille
- Email : jacqueline06@example.com",[MASQUÉ],[MASQUÉ],[MASQUÉ],jacqueline06@example.com,,,"29, rue [MASQUÉ], 19711 PelletierVille"
28,"Contrat de location :
- Locataire : [MASQUÉ]
- CIN : [MASQUÉ]
- Téléphone : [MASQUÉ]
- Adresse : 96, boulevard Andre, 43951 Bouvier
- Email : hteixeira@example.org",[MASQUÉ],[MASQUÉ],[MASQUÉ],hteixeira@example.org,,,"96, boulevard Andre, 43951 Bouvier"
29,"[MASQUÉ]
Objet : Facture #232254
Bonjour [MASQUÉ], votre paiement par carte Diners Club / Carte Blanche terminée par 3498 a été enregistré le 2025-05-16.",,,,,,2025-05-16,
30,"Document d'identité :
- Nom : Léon Blondel
- CIN : [MASQUÉ]
- Date de naissance : 31/12/1991
- Adresse : boulevard [MASQUÉ], 31709 DuhamelBourg",Léon Blondel,[MASQUÉ],,,,31/12/1991,"boulevard [MASQUÉ], 31709 DuhamelBourg"
31,"[MASQUÉ] :
Objet : Facture #[MASQUÉ]
[MASQUÉ] Lenoir, votre paiement par carte Discover terminée par 4669 a été enregistré le 2025-05-08.",,,,,,2025-05-08,
32,"Document d'identité :
- Nom : Élise Le Fontaine
- CIN : [MASQUÉ]
- Date de naissance : 01/02/1935
- Adresse : 11, avenue de Godard, 30611 Roux",Élise Le Fontaine,[MASQUÉ],,,,01/02/1935,"11, avenue de Godard, 30611 Roux"
33,"Transaction #188554:
- Client : [MASQUÉ] : 9940 MAD
- Destinataire : IBAN [MASQUÉ]
- Date : 2025-01-26",[MASQUÉ],,[MASQUÉ],,[MASQUÉ],2025-01-26,
34,"Document d'identité :
- Nom : [MASQUÉ] : [MASQUÉ]
- Date de naissance : 14/02/1944
- Adresse : 51, boulevard Clémence Léger, 51670 Muller-sur-Munoz",[MASQUÉ],[MASQUÉ],,,,14/02/1944,"51, boulevard Clémence Léger, 51670 Muller-sur-Munoz"
35,"Document d'identité :
- Nom : [MASQUÉ]
- CIN : [MASQUÉ]
- Date de naissance : 31/10/1999
- Adresse : 69, avenue [MASQUÉ], 39595 Gilbert",[MASQUÉ],[MASQUÉ],,,,31/10/1999,"69, avenue [MASQUÉ], 39595 Gilbert"
36,"Contrat de location :
- [MASQUÉ] : [MASQUÉ] CIN : [MASQUÉ]
- Téléphone : [MASQUÉ]
- Adresse : 46, avenue [MASQUÉ], 53877 [MASQUÉ] : catherine49@example.net",[MASQUÉ],[MASQUÉ],[MASQUÉ],catherine49@example.net,,,"46, avenue [MASQUÉ], 53877 [MASQUÉ]"
37,"Document d'identité :
- Nom : [MASQUÉ]
- CIN : [MASQUÉ]
- Date de naissance : 10/12/1942
- Adresse : 35, [MASQUÉ], 94463 [MASQUÉ]",[MASQUÉ],[MASQUÉ],,,,10/12/1942,"35, [MASQUÉ], 94463 [MASQUÉ]"
38,"[MASQUÉ] :
Objet : Facture #68867
[MASQUÉ], votre paiement par carte VISA 16 digit terminée par 3176 a été enregistré le 2025-05-16.",,,,,,2025-05-16,
39,"[MASQUÉ] :
Objet : Facture #608958
Bonjour Mathilde Pasquier de Legendre, votre paiement par carte American Express terminée par 6344 a été enregistré le 2025-05-18.",,,,,,2025-05-18,
40,"Transaction #249196:
- Client : [MASQUÉ] : 2490 MAD
- Destinataire : IBAN [MASQUÉ]
- Date : 2025-05-21",[MASQUÉ],,[MASQUÉ],,[MASQUÉ],2025-05-21,
41,"Contrat de location :
- Locataire : Thérèse-Laetitia Jacques
- CIN : [MASQUÉ]
- Téléphone : [MASQUÉ]
- Adresse : 88, boulevard [MASQUÉ], 83140 [MASQUÉ]
- Email : lucevallee@example.com",Thérèse,[MASQUÉ],[MASQUÉ],lucevallee@example.com,,,"88, boulevard [MASQUÉ], 83140 Hoaraudan"
42,"Document d'identité :
- Nom : [MASQUÉ] CIN : [MASQUÉ]
- Date de naissance : 03/05/1997
- Adresse : 2, chemin [MASQUÉ], 32808 Maillet-sur-Leduc",[MASQUÉ],[MASQUÉ],,,,03/05/1997,"2, chemin [MASQUÉ], 32808 Maillet-sur-Leduc"
43,"Contrat de location :
- [MASQUÉ] : [MASQUÉ]
- CIN : [MASQUÉ]
- Téléphone : [MASQUÉ]
- Adresse : boulevard de Bousquet, 94483 [MASQUÉ] : pelletierlaurence@example.org",[MASQUÉ],[MASQUÉ],[MASQUÉ],pelletierlaurence@example.org,,,"[MASQUÉ], 94483 Hubert"
44,"[MASQUÉ] SARL :
Objet : Facture #971551
[MASQUÉ], votre paiement par carte Discover terminée par 5984 a été enregistré le 2025-05-13.",,,,,,2025-05-13,
45,"[MASQUÉ] :
Objet : Facture #824880
Bonjour [MASQUÉ], votre paiement par carte JCB 16 digit terminée par 2151 a été enregistré le 2025-05-09.",,,,,,2025-05-09,
46,"[MASQUÉ] :
Objet : Facture #523644
[MASQUÉ], votre paiement par carte Mastercard terminée par 2602 a été enregistré le 2025-05-17.",,,,,,2025-05-17,
47,"[MASQUÉ] :
Objet : Facture #352821
[MASQUÉ], votre paiement par carte Discover terminée par 8721 a été enregistré le 2025-05-23.",,,,,,2025-05-23,
48,"[MASQUÉ] :
Objet : Facture #772728
[MASQUÉ], votre paiement par carte Maestro terminée par 1811 a été enregistré le 2025-05-11.",,,,,,2025-05-11,
49,"Transaction #825641:
- Client : [MASQUÉ] : 5224 MAD
- Destinataire : IBAN [MASQUÉ]
- Date : 2025-03-17",[MASQUÉ],,[MASQUÉ],,[MASQUÉ],2025-03-17,
50,"Document d'identité :
- Nom : [MASQUÉ]
- CIN : [MASQUÉ]
- Date de naissance : 30/08/1944
- Adresse : rue [MASQUÉ], 46974 Petitjean",[MASQUÉ],[MASQUÉ],,,,30/08/1944,"[MASQUÉ], 46974 Petitjean"
51,"Document d'identité :
- Nom : Étienne Le Maillot
- CIN : [MASQUÉ]
- Date de naissance : 01/10/1968
- Adresse : 3, boulevard [MASQUÉ], 95208 Vallet",Étienne Le Maillot,[MASQUÉ],,,,01/10/1968,"3, boulevard [MASQUÉ], 95208 Vallet"
52,"Document d'identité :
- Nom : Cécile Le Lucas
- CIN : [MASQUÉ]
- Date de naissance : 15/11/1957
- Adresse : 3, rue Claude Collet, 97392 Grondin-les-Bains",Cécile Le Lucas,[MASQUÉ],,,,15/11/1957,"3, rue Claude Collet, 97392 Grondin-les-Bains"
53,"Contrat de location :
- Locataire : [MASQUÉ] : [MASQUÉ]
- Téléphone : [MASQUÉ]
- Adresse : 56, rue de Faure, 30700 [MASQUÉ] : roland99@example.com",[MASQUÉ],[MASQUÉ],[MASQUÉ],roland99@example.com,,,"56, rue de Faure, 30700 [MASQUÉ]"
54,"[MASQUÉ] :
Objet : Facture #839170
Bonjour Benoît Durand, votre paiement par carte Mastercard terminée par 6913 a été enregistré le 2025-05-25.",,,,,,2025-05-25,
55,"Transaction #[MASQUÉ]:
- Client : [MASQUÉ]
- Montant : 3352 MAD
- Destinataire : IBAN [MASQUÉ]
- Date : 2025-03-15",[MASQUÉ],,[MASQUÉ],,[MASQUÉ],2025-03-15,
56,"Document d'identité :
- Nom : Éric-Frédéric Lemonnier
- CIN : [MASQUÉ]
- Date de naissance : 29/07/1921
- Adresse : 14, avenue de Tanguy, 73218 Boutin",Éric,[MASQUÉ],,,,29/07/1921,"14, avenue de Tanguy, 73218 Boutin"
57,"Contrat de location :
- [MASQUÉ] : [MASQUÉ]
- CIN : [MASQUÉ]
- Téléphone : [MASQUÉ]
- Adresse : 43, avenue Océane Raynaud, 24607 [MASQUÉ] : dijouxdominique@example.com",[MASQUÉ],[MASQUÉ],[MASQUÉ],dijouxdominique@example.com,,,"43, avenue Océane Raynaud, 24607 Jourdanboeuf"
58,"Transaction #415082:
- Client : [MASQUÉ] : 5238 MAD
- Destinataire : IBAN [MASQUÉ]
- Date : 2025-05-10",[MASQUÉ],,[MASQUÉ],,[MASQUÉ],2025-05-10,
59,"[MASQUÉ] :
Objet : Facture #574041
[MASQUÉ], votre paiement par carte VISA 16 digit terminée par 6057 a été enregistré le 2025-05-13.",,,,,,2025-05-13,
60,"Document d'identité :
- Nom : [MASQUÉ] CIN : [MASQUÉ]
- Date de naissance : 28/10/1959
- Adresse : 7, rue de Lelièvre, 94391 [MASQUÉ]",[MASQUÉ],[MASQUÉ],,,,28/10/1959,"7, rue de Lelièvre, 94391 [MASQUÉ]"
61,"Contrat de location :
- [MASQUÉ] : [MASQUÉ] CIN : [MASQUÉ]
- Téléphone : [MASQUÉ]
- Adresse : 217, avenue Leroy, 90184 [MASQUÉ]
- Email : alexandremaury@example.org",[MASQUÉ],[MASQUÉ],[MASQUÉ],alexandremaury@example.org,,,"217, avenue Leroy, 90184 [MASQUÉ]"
62,"[MASQUÉ] :
Objet : Facture #91720
[MASQUÉ], votre paiement par carte American Express terminée par 3515 a été enregistré le 2025-05-08.",,,,,,2025-05-08,
63,"Transaction #5219:
- Client : [MASQUÉ] : 8007 MAD
- Destinataire : IBAN [MASQUÉ]
- Date : 2025-03-19",[MASQUÉ],,[MASQUÉ],,[MASQUÉ],2025-03-19,
64,"Contrat de location :
- [MASQUÉ] : Eugène Gonzalez du [MASQUÉ]
- CIN : [MASQUÉ]
- Téléphone : [MASQUÉ]
- Adresse : 53, rue [MASQUÉ], 81728 Traore-sur-Mer
- Email : margot27@example.com",Eugène [MASQUÉ] du [MASQUÉ],[MASQUÉ],[MASQUÉ],margot27@example.com,,,"53, rue [MASQUÉ], 81728 Traore-sur-Mer"
65,"[MASQUÉ]
Objet : Facture #857663
[MASQUÉ], votre paiement par carte JCB 16 digit terminée par 9881 a été enregistré le 2025-05-24.",,,,,,2025-05-24,
66,"Document d'identité :
- Nom : [MASQUÉ]
- CIN : [MASQUÉ]
- Date de naissance : 13/04/2007
- Adresse : 69, [MASQUÉ], 85792 Petitjean-la-Forêt",[MASQUÉ],[MASQUÉ],,,,13/04/2007,"69, [MASQUÉ], 85792 Petitjean-la-Forêt"
67,"Contrat de location :
- [MASQUÉ] : [MASQUÉ]
- CIN : [MASQUÉ]
- Téléphone : [MASQUÉ]
- Adresse : 66, boulevard [MASQUÉ], 04461 [MASQUÉ]
- Email : renee20@example.com",[MASQUÉ],[MASQUÉ],[MASQUÉ],renee20@example.com,,,"66, boulevard [MASQUÉ], 04461 [MASQUÉ]"
68,"Document d'identité :
- Nom : Michèle Le Launay
- CIN : [MASQUÉ]
- Date de naissance : 06/05/1918
- Adresse : 9, boulevard Evrard, 06777 Brunet",Michèle Le Launay,[MASQUÉ],,,,06/05/1918,"9, boulevard Evrard, 06777 Brunet"
69,"[MASQUÉ] :
Objet : Facture #563323
Bonjour Isaac Denis, votre paiement par carte VISA 13 digit terminée par 4450 a été enregistré le 2025-05-01.",,,,,,2025-05-01,
70,"[MASQUÉ] :
Objet : Facture #726864
[MASQUÉ], votre paiement par carte Discover terminée par 6003 a été enregistré le 2025-05-20.",,,,,,2025-05-20,
71,"[MASQUÉ] :
Objet : Facture #564337
[MASQUÉ], votre paiement par carte VISA 19 digit terminée par 7827 a été enregistré le 2025-05-19.",,,,,,2025-05-19,
72,"Contrat de location :
- Locataire : [MASQUÉ] Morvan
- CIN : [MASQUÉ]
- Téléphone : [MASQUÉ]
- Adresse : 72, boulevard Dupré, 45714 Langlois-sur-Bailly
- Email : pagesmichele@example.org",[MASQUÉ],[MASQUÉ],[MASQUÉ],pagesmichele@example.org,,,"72, boulevard Dupré, 45714 Langlois-sur-Bailly"
73,"Transaction #44664:
- Client : [MASQUÉ]
- Montant : 3489 MAD
- Destinataire : IBAN [MASQUÉ]
- Date : 2025-03-07",[MASQUÉ],,[MASQUÉ],,[MASQUÉ],2025-03-07,
74,"[MASQUÉ]
Objet : Facture #587640
[MASQUÉ], votre paiement par carte JCB 16 digit terminée par 4443 a été enregistré le 2025-05-14.",,,,,,2025-05-14,
75,"Document d'identité :
- Nom : Éléonore Martinez
- CIN : [MASQUÉ]
- Date de naissance : 19/06/1959
- Adresse : 26, rue [MASQUÉ], 21152 Joseph",[MASQUÉ],[MASQUÉ],,,,19/06/1959,"26, rue [MASQUÉ], 21152 Joseph"
76,"Contrat de location :
- [MASQUÉ] : [MASQUÉ] : [MASQUÉ]
- Téléphone : [MASQUÉ]
- Adresse : 26, chemin [MASQUÉ], 91418 [MASQUÉ]
- Email : adele50@example.net",[MASQUÉ],[MASQUÉ],[MASQUÉ],adele50@example.net,,,"26, chemin [MASQUÉ], 91418 [MASQUÉ]"
77,"Document d'identité :
- Nom : Isabelle Parent
- CIN : [MASQUÉ]
- Date de naissance : 07/02/1923
- Adresse : 18, chemin [MASQUÉ], 24907 Saint Danielle",Isabelle Parent,[MASQUÉ],,,,07/02/1923,"18, chemin [MASQUÉ], 24907 Saint Danielle"
78,"Document d'identité :
- Nom : [MASQUÉ]
- CIN : [MASQUÉ]
- Date de naissance : 02/08/1998
- Adresse : 63, rue [MASQUÉ], 28811 [MASQUÉ]",[MASQUÉ],[MASQUÉ],,,,02/08/1998,"63, rue [MASQUÉ], 28811 [MASQUÉ]"
79,"Transaction #424336:
- Client : [MASQUÉ]
- Montant : 7343 MAD
- Destinataire : IBAN [MASQUÉ]
- Date : 2025-02-18",[MASQUÉ],,3915448217,,[MASQUÉ],2025-02-18,
80,"Transaction #87657:
- Client : [MASQUÉ] : 5051 MAD
- Destinataire : IBAN [MASQUÉ]
- Date : 2025-02-05",[MASQUÉ],,[MASQUÉ],,[MASQUÉ],2025-02-05,
81,"Document d'identité :
- Nom : [MASQUÉ] : [MASQUÉ]
- Date de naissance : 21/06/2011
- Adresse : 8, rue Ledoux, 44824 Bonneaudan",[MASQUÉ],[MASQUÉ],,,,21/06/2011,"8, rue Ledoux, 44824 Bonneaudan"
82,"Transaction #672068:
- Client : [MASQUÉ] : 1359 MAD
- Destinataire : IBAN [MASQUÉ]
- Date : 2025-02-15",[MASQUÉ],,[MASQUÉ],,[MASQUÉ],2025-02-15,
83,"Transaction #495924:
- Client : [MASQUÉ] : 9438 MAD
- Destinataire : IBAN [MASQUÉ]
- Date : 2025-01-20",[MASQUÉ],,[MASQUÉ],,[MASQUÉ],2025-01-20,
84,"Transaction #472502:
- Client : [MASQUÉ] : 2039 MAD
- Destinataire : IBAN [MASQUÉ]
- Date : 2025-04-23",[MASQUÉ],,[MASQUÉ],,[MASQUÉ],2025-04-23,
85,"Contrat de location :
- [MASQUÉ] : [MASQUÉ]
- CIN : [MASQUÉ]
- Téléphone : [MASQUÉ]
- Adresse : 608, rue Nguyen, 10489 [MASQUÉ] : gfrancois@example.net",[MASQUÉ],[MASQUÉ],[MASQUÉ],gfrancois@example.net,,,"608, rue Nguyen, 10489 Laporte"
86,"[MASQUÉ] :
Objet : Facture #904846
[MASQUÉ], votre paiement par carte VISA 13 digit terminée par 8938 a été enregistré le 2025-05-05.",,,,,,2025-05-05,
87,"[MASQUÉ] :
Objet : Facture #51820
[MASQUÉ], votre paiement par carte JCB 15 digit terminée par 1853 a été enregistré le 2025-05-11.",,,,,,2025-05-11,
88,"Transaction #783282:
- Client : [MASQUÉ] : 5407 MAD
- Destinataire : IBAN [MASQUÉ]
- Date : 2025-05-24",[MASQUÉ],,[MASQUÉ],,[MASQUÉ],2025-05-24,
89,"Document d'identité :
- Nom : [MASQUÉ]
- CIN : [MASQUÉ]
- Date de naissance : 05/05/1968
- Adresse : 17, rue [MASQUÉ], [MASQUÉ]",[MASQUÉ],[MASQUÉ],,,,05/05/1968,"17, rue [MASQUÉ], [MASQUÉ]"
90,"[MASQUÉ]Objet : Facture #916411
[MASQUÉ], votre paiement par carte VISA 13 digit terminée par 4047 a été enregistré le 2025-05-13.",,,,,,2025-05-13,
91,"Contrat de location :
- [MASQUÉ] : [MASQUÉ]
- CIN : [MASQUÉ]
- Téléphone : [MASQUÉ]
- Adresse : 34, rue [MASQUÉ], 88629 [MASQUÉ] Email : emmanuel73@example.net",[MASQUÉ],[MASQUÉ],[MASQUÉ],emmanuel73@example.net,,,"34, rue [MASQUÉ], 88629 [MASQUÉ]"
92,"Document d'identité :
- Nom : Théodore Bernard
- CIN : [MASQUÉ]
- Date de naissance : 23/11/1974
- Adresse : 4, rue Louis, 54409 Rouxboeuf",[MASQUÉ],[MASQUÉ],,,,23/11/1974,"4, [MASQUÉ], 54409 Rouxboeuf"
93,"[MASQUÉ] S.A.R.L. :
Objet : Facture #74060
[MASQUÉ], votre paiement par carte VISA 16 digit terminée par 7396 a été enregistré le 2025-05-24.",,,,,,2025-05-24,
94,"[MASQUÉ] :
Objet : Facture #[MASQUÉ]
[MASQUÉ], votre paiement par carte American Express terminée par 7017 a été enregistré le 2025-05-09.",,,,,,2025-05-09,
95,"Document d'identité :
- Nom : [MASQUÉ] CIN : [MASQUÉ]
- Date de naissance : 23/10/1918
- Adresse : 3, rue Juliette Blondel, 40614 Royer-les-Bains",[MASQUÉ],[MASQUÉ],,,,23/10/1918,"3, rue Juliette Blondel, 40614 Royer-les-Bains"
96,"Transaction #245090:
- Client : [MASQUÉ] : 7494 MAD
- Destinataire : IBAN [MASQUÉ]
- Date : 2025-05-05",[MASQUÉ],,[MASQUÉ],,[MASQUÉ],2025-05-05,
97,"Contrat de location :
- [MASQUÉ] : [MASQUÉ]
- CIN : [MASQUÉ]
- Téléphone : [MASQUÉ]
- Adresse : 3, avenue de Gomez, 03504 Sainte Hortenseboeuf
- Email : fischermichelle@example.com",[MASQUÉ],[MASQUÉ],[MASQUÉ],fischermichelle@example.com,,,"3, avenue de Gomez, 03504 Sainte Hortenseboeuf"
98,"Transaction #240297:
- Client : [MASQUÉ]
- Montant : 5295 MAD
- Destinataire : IBAN [MASQUÉ]
- Date : 2025-01-13",[MASQUÉ],,[MASQUÉ],,[MASQUÉ],2025-01-13,
99,"[MASQUÉ] :
Objet : Facture #224519
[MASQUÉ], votre paiement par carte JCB 16 digit terminée par 1377 a été enregistré le 2025-05-02.",,,,,,2025-05-02,
100,"Transaction #861713:
- Client : [MASQUÉ] : 9133 MAD
- Destinataire : IBAN [MASQUÉ]
- Date : 2025-02-26",[MASQUÉ],,[MASQUÉ],,[MASQUÉ],2025-02-26,
101,"Contrat de location :
- Locataire : Thibaut Petit
- CIN : [MASQUÉ]
- Téléphone : [MASQUÉ]
- Adresse : 89, chemin [MASQUÉ], 10876 Peron-sur-Mer
- Email : guerinines@example.com",Thibaut Petit,[MASQUÉ],[MASQUÉ],guerinines@example.com,,,"89, chemin [MASQUÉ], 10876 Peron-sur-Mer"
102,"Transaction #[MASQUÉ]:
- Client : [MASQUÉ] : 6979 MAD
- Destinataire : IBAN [MASQUÉ]
- Date : 2025-03-29",[MASQUÉ],,[MASQUÉ],,[MASQUÉ],2025-03-29,
103,"Transaction #418089:
- Client : [MASQUÉ] : 6611 MAD
- Destinataire : IBAN [MASQUÉ]
- Date : 2025-04-07",[MASQUÉ],,[MASQUÉ],,[MASQUÉ],2025-04-07,
104,"Document d'identité :
- Nom : [MASQUÉ]
- CIN : [MASQUÉ]
- Date de naissance : 12/03/2016
- Adresse : 616, rue de Masse, [MASQUÉ]",[MASQUÉ],[MASQUÉ],,,,12/03/2016,"616, rue de Masse, [MASQUÉ]"
105,"[MASQUÉ] :
Objet : Facture #238785
Bonjour Bertrand du Collin, votre paiement par carte VISA 13 digit terminée par 8539 a été enregistré le 2025-05-19.",,,,,,2025-05-19,
106,"Transaction #566517:
- Client : [MASQUÉ]
- Montant : 8592 MAD
- Destinataire : IBAN [MASQUÉ]
- Date : 2025-04-24",[MASQUÉ],,3490844615,,[MASQUÉ],2025-04-24,
107,"[MASQUÉ] :
Objet : Facture #353346
[MASQUÉ], votre paiement par carte Maestro terminée par 1592 a été enregistré le 2025-05-09.",,,,,,2025-05-09,
108,"Contrat de location :
- Locataire : [MASQUÉ] : [MASQUÉ]
- Téléphone : [MASQUÉ]
- Adresse : 97, rue [MASQUÉ], 55419 Saint Sylvie
- Email : antoine40@example.net",[MASQUÉ],[MASQUÉ],[MASQUÉ],antoine40@example.net,,,"97, rue [MASQUÉ], 55419 Saint Sylvie"
109,"[MASQUÉ] :
Objet : Facture #133952
[MASQUÉ], votre paiement par carte JCB 16 digit terminée par 1214 a été enregistré le 2025-05-03.",,,,,,2025-05-03,
110,"[MASQUÉ] :
Objet : Facture #50269
[MASQUÉ], votre paiement par carte JCB 15 digit terminée par 2100 a été enregistré le 2025-05-20.",,,,,,2025-05-20,
111,"Document d'identité :
- Nom : [MASQUÉ]
- CIN : [MASQUÉ]
- Date de naissance : 12/01/1928
- Adresse : 1, chemin de Bazin, 07477 Rousset-sur-Maillet",[MASQUÉ],[MASQUÉ],,,,12/01/1928,"1, chemin de Bazin, 07477 Rousset-sur-Maillet"
112,"Contrat de location :
- Locataire : Véronique Albert de la Bonnin
- CIN : [MASQUÉ]
- Téléphone : [MASQUÉ]
- Adresse : 14, rue [MASQUÉ], 76388 Chevalier
- Email : madeleine26@example.net",[MASQUÉ],[MASQUÉ],[MASQUÉ],madeleine26@example.net,,,"14, rue [MASQUÉ], 76388 Chevalier"
113,"[MASQUÉ] :
Objet : Facture #621484
[MASQUÉ], votre paiement par carte VISA 19 digit terminée par 5472 a été enregistré le 2025-05-12.",,,,,,2025-05-12,
114,"Document d'identité :
- Nom : [MASQUÉ]
- CIN : [MASQUÉ]
- Date de naissance : 20/03/1965
- Adresse : chemin [MASQUÉ], 25105 Dupuis",[MASQUÉ],[MASQUÉ],,,,20/03/1965,"chemin [MASQUÉ], 25105 Dupuis"
115,"Contrat de location :
- [MASQUÉ] : [MASQUÉ]
- CIN : [MASQUÉ]
- Téléphone : [MASQUÉ]
- Adresse : 264, [MASQUÉ], 21610 Saint [MASQUÉ] : marchalcecile@example.org",[MASQUÉ],[MASQUÉ],[MASQUÉ],marchalcecile@example.org,,,"264, [MASQUÉ], 21610 Saint Susan"
116,"Document d'identité :
- Nom : [MASQUÉ] CIN : [MASQUÉ]
- Date de naissance : 28/07/1978
- Adresse : 243, chemin [MASQUÉ], 39565 [MASQUÉ]",[MASQUÉ],[MASQUÉ],,,,28/07/1978,"243, chemin [MASQUÉ], 39565 [MASQUÉ]"
117,"Document d'identité :
- Nom : [MASQUÉ]
- CIN : [MASQUÉ]
- Date de naissance : 07/11/1965
- Adresse : 215, chemin Vaillant, 59103 [MASQUÉ]",[MASQUÉ],[MASQUÉ],,,,07/11/1965,"215, chemin Vaillant, 59103 [MASQUÉ]"
118,"[MASQUÉ] :
Objet : Facture #39704
Bonjour Patricia Bigot-Coulon, votre paiement par carte JCB 15 digit terminée par 4952 a été enregistré le 2025-05-22.",,,,,,2025-05-22,
119,"Contrat de location :
- [MASQUÉ] : [MASQUÉ] : [MASQUÉ]
- Téléphone : [MASQUÉ]
- Adresse : 33, boulevard [MASQUÉ], 52930 [MASQUÉ] : rperrin@example.org",[MASQUÉ],[MASQUÉ],[MASQUÉ],rperrin@example.org,,,"33, boulevard [MASQUÉ], 52930 [MASQUÉ]"
120,"Contrat de location :
- [MASQUÉ] : [MASQUÉ] : [MASQUÉ]
- Téléphone : [MASQUÉ]
- Adresse : 365, rue [MASQUÉ], 33955 DufourBourg
- Email : augervalerie@example.net",[MASQUÉ],[MASQUÉ],[MASQUÉ],augervalerie@example.net,,,"365, rue [MASQUÉ], 33955 DufourBourg"
121,"Document d'identité :
- Nom : [MASQUÉ]
- CIN : [MASQUÉ]
- Date de naissance : 05/12/1957
- Adresse : 11, chemin [MASQUÉ], 14823 Laporte",[MASQUÉ],[MASQUÉ],,,,05/12/1957,"11, chemin [MASQUÉ], 14823 Laporte"
122,"Document d'identité :
- Nom : [MASQUÉ]
- CIN : [MASQUÉ]
- Date de naissance : 05/03/1964
- Adresse : 10, rue de Huet, 60653 Poulain",[MASQUÉ],[MASQUÉ],,,,05/03/1964,"10, rue de Huet, 60653 Poulain"
123,"Contrat de location :
- [MASQUÉ] : [MASQUÉ]
- CIN : [MASQUÉ]
- Téléphone : [MASQUÉ]
- Adresse : 8, avenue de Petit, 19603 [MASQUÉ]
- Email : rivierejuliette@example.net",[MASQUÉ],[MASQUÉ],[MASQUÉ],rivierejuliette@example.net,,,"8, avenue de Petit, 19603 [MASQUÉ]"
124,"Transaction #334211:
- Client : Cécile-Madeleine Ruiz
- Montant : 5108 MAD
- Destinataire : IBAN [MASQUÉ]
- Date : 2025-03-22",Cécile,,[MASQUÉ],,[MASQUÉ],2025-03-22,
125,"Document d'identité :
- Nom : [MASQUÉ]
- CIN : [MASQUÉ]
- Date de naissance : 30/05/1957
- Adresse : 657, chemin de Pascal, 17608 [MASQUÉ]",[MASQUÉ],[MASQUÉ],,,,30/05/1957,"657, chemin de Pascal, 17608 [MASQUÉ]"
126,"Transaction #932142:
- Client : [MASQUÉ] : 758 MAD
- Destinataire : IBAN [MASQUÉ]
- Date : 2025-01-26",[MASQUÉ],,[MASQUÉ],,[MASQUÉ],2025-01-26,
127,"Contrat de location :
- [MASQUÉ] : [MASQUÉ]
- CIN : [MASQUÉ]
- Téléphone : [MASQUÉ]
- Adresse : [MASQUÉ], 71967 Besson-la-Forêt
- Email : boutinanouk@example.net",[MASQUÉ],[MASQUÉ],[MASQUÉ],boutinanouk@example.net,,,"[MASQUÉ], 71967 Besson-la-Forêt"
128,"[MASQUÉ] :
Objet : Facture #12353
Bonjour Alex Faivre, votre paiement par carte VISA 19 digit terminée par 4977 a été enregistré le 2025-05-15.",,,,,,2025-05-15,
129,"[MASQUÉ] :
Objet : Facture #75180
Bonjour [MASQUÉ], votre paiement par carte Maestro terminée par 4157 a été enregistré le 2025-05-04.",,,,,,2025-05-04,
130,"Document d'identité :
- Nom : [MASQUÉ] CIN : [MASQUÉ]
- Date de naissance : 28/11/1985
- Adresse : boulevard de Bruneau, 22777 Baron",[MASQUÉ],[MASQUÉ],,,,28/11/1985,"[MASQUÉ], 22777 Baron"
131,"Document d'identité :
- Nom : [MASQUÉ]
- CIN : [MASQUÉ]
- Date de naissance : 22/10/2004
- Adresse : 12, rue Marin, 23411 Rémy",[MASQUÉ],[MASQUÉ],,,,22/10/2004,"12, rue Marin, 23411 Rémy"
132,"Document d'identité :
- Nom : Thérèse Petit-Diallo
- CIN : [MASQUÉ]
- Date de naissance : 12/02/1925
- Adresse : 29, avenue de Simon, 15462 Caron",Thérèse Petit,[MASQUÉ],,,,12/02/1925,"29, avenue de Simon, 15462 Caron"
133,"Transaction #53656:
- Client : [MASQUÉ] : 3392 MAD
- Destinataire : IBAN [MASQUÉ]
- Date : 2025-02-14",[MASQUÉ],,[MASQUÉ],,[MASQUÉ],2025-02-14,
134,"[MASQUÉ] :
Objet : Facture #299342
[MASQUÉ], votre paiement par carte VISA 19 digit terminée par 6771 a été enregistré le 2025-05-05.",,,,,,2025-05-05,
135,"Transaction #453774:
- Client : [MASQUÉ] : 9855 MAD
- Destinataire : [MASQUÉ] : 2025-01-12",[MASQUÉ],,[MASQUÉ],,[MASQUÉ],2025-01-12,
136,"[MASQUÉ] :
Objet : Facture #5816
[MASQUÉ], votre paiement par carte Mastercard terminée par 3247 a été enregistré le 2025-05-10.",,,,,,2025-05-10,
137,"[MASQUÉ] :
Objet : Facture #928498
[MASQUÉ], votre paiement par carte Diners Club / Carte Blanche terminée par 0463 a été enregistré le 2025-05-13.",,,,,,2025-05-13,
138,"Contrat de location :
- Locataire : [MASQUÉ] : [MASQUÉ] : [MASQUÉ]
- Adresse : 46, chemin Blot, 21132 Cousin
- Email : itanguy@example.org",[MASQUÉ],[MASQUÉ],[MASQUÉ],itanguy@example.org,,,"46, chemin Blot, 21132 Cousin"
139,"Transaction #756777:
- Client : [MASQUÉ] : 9778 MAD
- Destinataire : IBAN [MASQUÉ]
- Date : 2025-01-09",[MASQUÉ],,[MASQUÉ],,[MASQUÉ],2025-01-09,
140,"Contrat de location :
- [MASQUÉ] : [MASQUÉ]
- CIN : [MASQUÉ]
- Téléphone : [MASQUÉ]
- Adresse : 54, boulevard [MASQUÉ], 93744 Lévêque-les-Bains
- Email : audrey13@example.org",[MASQUÉ],[MASQUÉ],[MASQUÉ],audrey13@example.org,,,"54, boulevard [MASQUÉ], 93744 Lévêque-les-Bains"
141,"Contrat de location :
- [MASQUÉ] : [MASQUÉ]
- CIN : [MASQUÉ]
- Téléphone : [MASQUÉ]
- Adresse : 26, [MASQUÉ], 40430 [MASQUÉ] : delannoycorinne@example.org",[MASQUÉ],[MASQUÉ],[MASQUÉ],delannoycorinne@example.org,,,"26, [MASQUÉ], 40430 Sainte Isabelle"
142,"Document d'identité :
- Nom : [MASQUÉ]
- CIN : [MASQUÉ]
- Date de naissance : 30/11/1970
- Adresse : 2, chemin [MASQUÉ], 76275 Sainte Suzanne",[MASQUÉ],[MASQUÉ],,,,30/11/1970,"2, chemin [MASQUÉ], 76275 Sainte Suzanne"
143,"[MASQUÉ] :
Objet : Facture #378930
[MASQUÉ], votre paiement par carte JCB 15 digit terminée par 5823 a été enregistré le 2025-05-16.",,,,,,2025-05-16,
144,"Transaction #421366:
- Client : [MASQUÉ]
- Montant : 1571 MAD
- Destinataire : IBAN [MASQUÉ]
- Date : 2025-02-19",[MASQUÉ],,[MASQUÉ],,[MASQUÉ],2025-02-19,
145,"Document d'identité :
- Nom : [MASQUÉ]
- CIN : [MASQUÉ]
- Date de naissance : 28/01/1997
- Adresse : rue [MASQUÉ], 53114 Delattre-sur-Colin",[MASQUÉ],[MASQUÉ],,,,28/01/1997,"rue [MASQUÉ], 53114 Delattre-sur-Colin"
146,"[MASQUÉ] :
Objet : Facture #509511
[MASQUÉ], votre paiement par carte VISA 19 digit terminée par 1146 a été enregistré le 2025-05-04.",,,,,,2025-05-04,
147,"[MASQUÉ] :
Objet : Facture #954509
[MASQUÉ], votre paiement par carte JCB 15 digit terminée par 3365 a été enregistré le 2025-05-14.",,,,,,2025-05-14,
148,"Document d'identité :
- Nom : [MASQUÉ] CIN : [MASQUÉ]
- Date de naissance : 15/09/1963
- Adresse : 606, chemin Courtois, 44399 [MASQUÉ]",[MASQUÉ],[MASQUÉ],,,,15/09/1963,"606, chemin Courtois, 44399 [MASQUÉ]"
149,"Transaction #518484:
- Client : [MASQUÉ] : 3036 MAD
- Destinataire : IBAN [MASQUÉ]
- Date : 2025-01-17",[MASQUÉ],,[MASQUÉ],,[MASQUÉ],2025-01-17,
150,"Document d'identité :
- Nom : [MASQUÉ] CIN : [MASQUÉ]
- Date de naissance : 12/04/2000
- Adresse : chemin [MASQUÉ], [MASQUÉ]",[MASQUÉ],[MASQUÉ],,,,12/04/2000,"chemin [MASQUÉ], [MASQUÉ]"
151,"Document d'identité :
- Nom : [MASQUÉ]
- CIN : [MASQUÉ]
- Date de naissance : 31/01/2017
- Adresse : chemin [MASQUÉ], 46126 Sainte Émile",[MASQUÉ],[MASQUÉ],,,,31/01/2017,"chemin [MASQUÉ], 46126 Sainte Émile"
152,"Document d'identité :
- Nom : [MASQUÉ] CIN : [MASQUÉ]
- Date de naissance : 14/05/2015
- Adresse : rue Aimé Michel, [MASQUÉ]",[MASQUÉ],[MASQUÉ],,,,14/05/2015,"[MASQUÉ], [MASQUÉ]"
153,"Contrat de location :
- [MASQUÉ] : [MASQUÉ]
- CIN : [MASQUÉ]
- Téléphone : [MASQUÉ]
- Adresse : 19, boulevard Delorme, 32803 [MASQUÉ] : marianne99@example.com",[MASQUÉ],[MASQUÉ],[MASQUÉ],marianne99@example.com,,,"19, boulevard Delorme, 32803 Deschamps"
154,"Document d'identité :
- Nom : [MASQUÉ]
- CIN : [MASQUÉ]
- Date de naissance : 01/02/1936
- Adresse : 822, rue Jourdan, [MASQUÉ]",[MASQUÉ],[MASQUÉ],,,,01/02/1936,"822, rue Jourdan, [MASQUÉ]"
155,"Contrat de location :
- Locataire : Émile-Luc Chauveau
- CIN : [MASQUÉ]
- Téléphone : [MASQUÉ]
- Adresse : 499, boulevard [MASQUÉ], 93992 [MASQUÉ] : helene46@example.org",Émile,[MASQUÉ],[MASQUÉ],helene46@example.org,,,"499, boulevard [MASQUÉ], 93992 Alexandre"
156,"Contrat de location :
- Locataire : [MASQUÉ]
- CIN : [MASQUÉ]
- Téléphone : [MASQUÉ]
- Adresse : 36, avenue [MASQUÉ], 68207 [MASQUÉ] : mathilde08@example.org",[MASQUÉ],[MASQUÉ],[MASQUÉ],mathilde08@example.org,,,"36, avenue [MASQUÉ], 68207 [MASQUÉ]"
157,"Contrat de location :
- Locataire : Benoît du Toussaint
- CIN : [MASQUÉ]
- Téléphone : [MASQUÉ]
- Adresse : 489, chemin [MASQUÉ], 60169 [MASQUÉ]
- Email : remynoel@example.com",[MASQUÉ],[MASQUÉ],[MASQUÉ],remynoel@example.com,,,"489, chemin [MASQUÉ], 60169 [MASQUÉ]"
158,"[MASQUÉ]
Objet : Facture #213251
Bonjour Arnaude Vaillant, votre paiement par carte Discover terminée par 6560 a été enregistré le 2025-05-25.",,,,,,2025-05-25,
159,"Document d'identité :
- Nom : Élodie-Alex Martins
- CIN : [MASQUÉ]
- Date de naissance : 03/10/2013
- Adresse : 35, chemin [MASQUÉ], 97425 GimenezBourg",Élodie,[MASQUÉ],,,,03/10/2013,"35, chemin [MASQUÉ], 97425 GimenezBourg"
160,"[MASQUÉ] :
Objet : Facture #540052
[MASQUÉ], votre paiement par carte JCB 16 digit terminée par 3768 a été enregistré le 2025-05-24.",,,,,,2025-05-24,
161,"[MASQUÉ] S.A.R.L. :
Objet : Facture #936080
Bonjour Michèle Benard, votre paiement par carte Discover terminée par 2738 a été enregistré le 2025-05-03.",,,,,,2025-05-03,
162,"Transaction #817145:
- Client : [MASQUÉ]
- Montant : 5212 MAD
- Destinataire : IBAN [MASQUÉ]
- Date : 2025-02-17",[MASQUÉ],,[MASQUÉ],,[MASQUÉ],2025-02-17,
163,"Document d'identité :
- Nom : [MASQUÉ] : [MASQUÉ]
- Date de naissance : 13/01/1943
- Adresse : 81, rue de Leroux, [MASQUÉ]",[MASQUÉ],[MASQUÉ],,,,13/01/1943,"81, rue de Leroux, [MASQUÉ]"
164,"[MASQUÉ] :
Objet : Facture #968757
[MASQUÉ], votre paiement par carte VISA 16 digit terminée par 3143 a été enregistré le 2025-05-03.",,,,,,2025-05-03,
165,"Document d'identité :
- Nom : Véronique Cousin
- CIN : [MASQUÉ]
- Date de naissance : 29/08/1913
- Adresse : 99, [MASQUÉ], 17814 Sainte Thierry",Véronique Cousin,[MASQUÉ],,,,29/08/1913,"99, rue Léger, 17814 Sainte Thierry"
166,"Transaction #229882:
- Client : [MASQUÉ]
- Montant : 3892 MAD
- Destinataire : IBAN [MASQUÉ]
- Date : 2025-05-05",[MASQUÉ],,[MASQUÉ],,[MASQUÉ],2025-05-05,
167,"[MASQUÉ]
Objet : Facture #802559
Bonjour Michel du Verdier, votre paiement par carte Mastercard terminée par 0489 a été enregistré le 2025-05-19.",,,,,,2025-05-19,
168,"Transaction #145977:
- Client : [MASQUÉ] : 6001 MAD
- Destinataire : IBAN [MASQUÉ]
- Date : 2025-04-17",[MASQUÉ],,[MASQUÉ],,[MASQUÉ],2025-04-17,
169,"[MASQUÉ]
Objet : Facture #56526
[MASQUÉ], votre paiement par carte VISA 16 digit terminée par 1704 a été enregistré le 2025-05-16.",,,,,,2025-05-16,
170,"Document d'identité :
- Nom : [MASQUÉ]-Bruneau
- CIN : [MASQUÉ]
- Date de naissance : 06/09/1916
- Adresse : 733, avenue [MASQUÉ], 78564 Bazin-sur-Mer",[MASQUÉ],[MASQUÉ],,,,06/09/1916,"733, avenue [MASQUÉ], 78564 Bazin-sur-Mer"
171,"Transaction #133321:
- Client : Luc [MASQUÉ] : 3591 MAD
- Destinataire : IBAN [MASQUÉ]
- Date : 2025-05-16",Luc Valentin,,[MASQUÉ],,[MASQUÉ],2025-05-16,
172,"Contrat de location :
- Locataire : [MASQUÉ] : [MASQUÉ]
- Téléphone : [MASQUÉ]
- Adresse : 83, rue de Lemaître, 20628 [MASQUÉ] : zhamon@example.com",[MASQUÉ],[MASQUÉ],[MASQUÉ],zhamon@example.com,,,"83, rue de Lemaître, 20628 Sainte Patrick"
173,"Contrat de location :
- Locataire : [MASQUÉ] : [MASQUÉ]
- Téléphone : [MASQUÉ]
- Adresse : 29, chemin Foucher, 41191 [MASQUÉ] : thibautmarques@example.net",[MASQUÉ],[MASQUÉ],[MASQUÉ],thibautmarques@example.net,,,"29, chemin Foucher, 41191 Hervé"
174,"Document d'identité :
- Nom : [MASQUÉ] CIN : [MASQUÉ]
- Date de naissance : 10/07/1942
- Adresse : 261, [MASQUÉ], 44291 Pierre-sur-Diaz",[MASQUÉ],[MASQUÉ],,,,10/07/1942,"261, [MASQUÉ], 44291 Pierre-sur-Diaz"
175,"Document d'identité :
- Nom : [MASQUÉ] CIN : [MASQUÉ]
- Date de naissance : 25/08/1967
- Adresse : rue [MASQUÉ], 34458 Hardyboeuf",[MASQUÉ],[MASQUÉ],,,,25/08/1967,"[MASQUÉ], 34458 Hardyboeuf"
176,"Document d'identité :
- Nom : [MASQUÉ] CIN : [MASQUÉ]
- Date de naissance : 04/09/1959
- Adresse : 95, rue Duval, 33370 [MASQUÉ]",[MASQUÉ],[MASQUÉ],,,,04/09/1959,"95, rue Duval, 33370 [MASQUÉ]"
177,"Document d'identité :
- Nom : [MASQUÉ] : [MASQUÉ]
- Date de naissance : 22/04/2001
- Adresse : 80, chemin [MASQUÉ], 11577 MaillardBourg",[MASQUÉ],[MASQUÉ],,,,22/04/2001,"80, chemin [MASQUÉ], 11577 MaillardBourg"
178,"Document d'identité :
- Nom : Véronique Couturier
- CIN : [MASQUÉ]
- Date de naissance : 09/01/2012
- Adresse : 28, boulevard [MASQUÉ], 07376 GiraudVille",Véronique Couturier,[MASQUÉ],,,,09/01/2012,"28, boulevard [MASQUÉ], 07376 GiraudVille"
179,"[MASQUÉ] :
Objet : Facture #97690
Bonjour Pénélope Maillet, votre paiement par carte American Express terminée par 4119 a été enregistré le 2025-05-12.",,,,,,2025-05-12,
180,"[MASQUÉ] S.A.S. :
Objet : Facture #270988
[MASQUÉ], votre paiement par carte VISA 16 digit terminée par 7978 a été enregistré le 2025-05-14.",,,,,,2025-05-14,
181,"[MASQUÉ] :
Objet : Facture #747385
Bonjour Claudine Bouchet, votre paiement par carte VISA 16 digit terminée par 2730 a été enregistré le 2025-05-07.",,,,,,2025-05-07,
182,"Transaction #297871:
- Client : [MASQUÉ] : 5484 MAD
- Destinataire : IBAN [MASQUÉ]
- Date : 2025-02-17",[MASQUÉ],,3793169606,,[MASQUÉ],2025-02-17,
183,"[MASQUÉ] :
Objet : Facture #827113
Bonjour Léon Diallo-Gillet, votre paiement par carte VISA 16 digit terminée par 1877 a été enregistré le 2025-05-02.",,,,,,2025-05-02,
184,"Contrat de location :
- [MASQUÉ] : [MASQUÉ]
- CIN : [MASQUÉ]
- Téléphone : [MASQUÉ]
- Adresse : 67, boulevard de Collet, 97434 [MASQUÉ]
- Email : kriou@example.org",[MASQUÉ],[MASQUÉ],[MASQUÉ],kriou@example.org,,,"67, boulevard de Collet, 97434 [MASQUÉ]"
185,"Document d'identité :
- Nom : [MASQUÉ]
- CIN : [MASQUÉ]
- Date de naissance : 19/10/1919
- Adresse : 99, rue de Dubois, 12899 Vincent",[MASQUÉ],[MASQUÉ],,,,19/10/1919,"99, [MASQUÉ], 12899 Vincent"
186,"Document d'identité :
- Nom : [MASQUÉ]
- CIN : [MASQUÉ]
- Date de naissance : 26/08/1983
- Adresse : 3, [MASQUÉ], 24209 Saint Victor",[MASQUÉ],[MASQUÉ],,,,26/08/1983,"3, [MASQUÉ], 24209 Saint Victor"
187,"Transaction #430591:
- Client : [MASQUÉ] : 6659 MAD
- Destinataire : IBAN [MASQUÉ]
- Date : 2025-05-05",[MASQUÉ],,[MASQUÉ],,[MASQUÉ],2025-05-05,
188,"[MASQUÉ] :
Objet : Facture #487093
[MASQUÉ], votre paiement par carte VISA 16 digit terminée par 3674 a été enregistré le 2025-05-19.",,,,,,2025-05-19,
189,"Transaction #[MASQUÉ]:
- Client : Eugène Bouvet Le Guillet
- Montant : 9926 MAD
- Destinataire : IBAN [MASQUÉ]
- Date : 2025-04-06",Eugène Bouvet Le Guillet,,[MASQUÉ],,[MASQUÉ],2025-04-06,
190,"Transaction #880702:
- Client : [MASQUÉ] : 8679 MAD
- Destinataire : IBAN [MASQUÉ]
- Date : 2025-05-19",[MASQUÉ],,[MASQUÉ],,[MASQUÉ],2025-05-19,
191,"Transaction #802757:
- Client : [MASQUÉ]
- Montant : 2049 MAD
- Destinataire : IBAN [MASQUÉ]
- Date : 2025-02-12",[MASQUÉ],,[MASQUÉ],,[MASQUÉ],2025-02-12,
192,"Document d'identité :
- Nom : [MASQUÉ]
- CIN : [MASQUÉ]
- Date de naissance : 12/01/1980
- Adresse : 64, rue [MASQUÉ], 85760 [MASQUÉ]",[MASQUÉ],[MASQUÉ],,,,12/01/1980,"64, rue [MASQUÉ], 85760 [MASQUÉ]"
193,"Document d'identité :
- Nom : [MASQUÉ] : [MASQUÉ]
- Date de naissance : 15/03/1947
- Adresse : 12, [MASQUÉ], 15127 Lebon-sur-Lambert",[MASQUÉ],[MASQUÉ],,,,15/03/1947,"12, [MASQUÉ], 15127 Lebon-sur-Lambert"
194,"Contrat de location :
- [MASQUÉ] : [MASQUÉ]
- CIN : [MASQUÉ]
- Téléphone : [MASQUÉ]
- Adresse : [MASQUÉ], 06383 PotierVille
- Email : rodriguezpatricia@example.org",[MASQUÉ],[MASQUÉ],[MASQUÉ],rodriguezpatricia@example.org,,,"[MASQUÉ], 06383 PotierVille"
195,"Transaction #351915:
- Client : [MASQUÉ] : 3297 MAD
- Destinataire : IBAN [MASQUÉ]
- Date : 2025-02-22",[MASQUÉ],,[MASQUÉ],,[MASQUÉ],2025-02-22,
196,"Contrat de location :
- [MASQUÉ] : [MASQUÉ]
- CIN : [MASQUÉ]
- Téléphone : [MASQUÉ]
- Adresse : 280, chemin Collin, 12254 Guibert-sur-Pichon
- Email : hortensedaniel@example.com",[MASQUÉ],[MASQUÉ],[MASQUÉ],hortensedaniel@example.com,,,"280, chemin Collin, 12254 Guibert-sur-Pichon"
197,"Document d'identité :
- Nom : [MASQUÉ] CIN : [MASQUÉ]
- Date de naissance : 19/05/1924
- Adresse : 221, chemin [MASQUÉ], 85200 Coulon-sur-Moreau",[MASQUÉ],[MASQUÉ],,,,19/05/1924,"221, chemin [MASQUÉ], 85200 Coulon-sur-Moreau"
198,"Document d'identité :
- Nom : [MASQUÉ]
- CIN : [MASQUÉ]
- Date de naissance : 29/01/1922
- Adresse : 54, boulevard de Pons, 76615 Baron",[MASQUÉ],[MASQUÉ],,,,29/01/1922,"54, boulevard de Pons, 76615 Baron"
199,"Contrat de location :
- Locataire : Étienne Hoareau
- CIN : [MASQUÉ]
- Téléphone : [MASQUÉ]
- Adresse : 36, avenue [MASQUÉ], 37305 Lemaître
- Email : noelfrancois@example.com",Étienne Hoareau,[MASQUÉ],[MASQUÉ],noelfrancois@example.com,,,"36, avenue [MASQUÉ], 37305 Lemaître"
200,"[MASQUÉ] :
Objet : Facture #[MASQUÉ]
Bonjour Véronique Dupont, votre paiement par carte VISA 16 digit terminée par 6877 a été enregistré le 2025-05-06.",,,,,,2025-05-06,
201,"Document d'identité :
- Nom : Théodore-Théophile Blondel
- CIN : [MASQUÉ]
- Date de naissance : 23/03/1940
- Adresse : 41, boulevard Fernandez, 92633 BertinBourg",Théodore,[MASQUÉ],,,,23/03/1940,"41, boulevard Fernandez, 92633 BertinBourg"
202,"Transaction #424972:
- Client : [MASQUÉ]
- Montant : 3135 MAD
- Destinataire : IBAN [MASQUÉ]
- Date : 2025-05-10",[MASQUÉ],,[MASQUÉ],,[MASQUÉ],2025-05-10,
203,"Transaction #88067:
- Client : [MASQUÉ]
- Montant : 2827 MAD
- Destinataire : IBAN [MASQUÉ]
- Date : 2025-03-16",[MASQUÉ],,[MASQUÉ],,[MASQUÉ],2025-03-16,
204,"[MASQUÉ] :
Objet : Facture #200820
[MASQUÉ], votre paiement par carte JCB 16 digit terminée par 5982 a été enregistré le 2025-05-07.",,,,,,2025-05-07,
205,"Transaction #808736:
- Client : [MASQUÉ] : 7303 MAD
- Destinataire : IBAN [MASQUÉ]
- Date : 2025-02-19",[MASQUÉ],,[MASQUÉ],,[MASQUÉ],2025-02-19,
206,"[MASQUÉ] :
Objet : Facture #4713
[MASQUÉ], votre paiement par carte VISA 13 digit terminée par 4075 a été enregistré le 2025-05-08.",,,,,,2025-05-08,
207,"Transaction #123979:
- Client : [MASQUÉ] : 2660 MAD
- Destinataire : IBAN [MASQUÉ]
- Date : 2025-02-27",[MASQUÉ],,[MASQUÉ],,[MASQUÉ],2025-02-27,
208,"Document d'identité :
- Nom : [MASQUÉ]
- CIN : [MASQUÉ]
- Date de naissance : 11/01/2025
- Adresse : 228, [MASQUÉ], [MASQUÉ]",[MASQUÉ],[MASQUÉ],,,,11/01/2025,"228, rue Étienne Blanchet, [MASQUÉ]"
209,"Document d'identité :
- Nom : [MASQUÉ]
- CIN : [MASQUÉ]
- Date de naissance : 21/01/1967
- Adresse : boulevard de Bonnin, 77311 Lacombedan",[MASQUÉ],[MASQUÉ],,,,21/01/1967,"boulevard de Bonnin, 77311 Lacombedan"
210,"Contrat de location :
- [MASQUÉ] : [MASQUÉ] [MASQUÉ]
- Téléphone : [MASQUÉ]
- Adresse : 31, [MASQUÉ], 94573 [MASQUÉ]
- Email : manon92@example.org",Eugène Raymond,[MASQUÉ],[MASQUÉ],manon92@example.org,,,"31, [MASQUÉ], 94573 [MASQUÉ]"
211,"Document d'identité :
- Nom : [MASQUÉ] : [MASQUÉ]
- Date de naissance : 21/04/1978
- Adresse : 3, boulevard de Delmas, 66550 Deschamps",[MASQUÉ],[MASQUÉ],,,,21/04/1978,"3, boulevard de Delmas, 66550 Deschamps"
212,"Contrat de location :
- Locataire : [MASQUÉ]
- CIN : [MASQUÉ]
- Téléphone : [MASQUÉ]
- Adresse : 44, rue Olivier, [MASQUÉ] : raymondelodie@example.org",[MASQUÉ],[MASQUÉ],[MASQUÉ],raymondelodie@example.org,,,"44, rue Olivier, 71987 Pinto"
213,"Contrat de location :
- [MASQUÉ] : [MASQUÉ]
- CIN : [MASQUÉ]
- Téléphone : [MASQUÉ]
- Adresse : 44, boulevard de Le Gall, 97165 Langloisnec
- Email : berthelotguy@example.com",[MASQUÉ],[MASQUÉ],[MASQUÉ],berthelotguy@example.com,,,"44, boulevard de Le Gall, 97165 [MASQUÉ]"
214,"Document d'identité :
- Nom : [MASQUÉ] CIN : [MASQUÉ]
- Date de naissance : 26/07/1992
- Adresse : 24, chemin [MASQUÉ], 33607 Clerc",[MASQUÉ],[MASQUÉ],,,,26/07/1992,"24, chemin [MASQUÉ], 33607 Clerc"
215,"[MASQUÉ] :
Objet : Facture #82032
[MASQUÉ], votre paiement par carte JCB 16 digit terminée par 4256 a été enregistré le 2025-05-05.",,,,,,2025-05-05,
216,"Contrat de location :
- [MASQUÉ] : [MASQUÉ] CIN : [MASQUÉ]
- Téléphone : +212683686176
- Adresse : 15, avenue de Goncalves, 32975 [MASQUÉ] : dallain@example.net",[MASQUÉ],[MASQUÉ],+212683686176,dallain@example.net,,,"15, avenue de Goncalves, 32975 [MASQUÉ]"
217,"Document d'identité :
- Nom : [MASQUÉ] CIN : [MASQUÉ]
- Date de naissance : 14/06/2011
- Adresse : 317, [MASQUÉ], 56408 [MASQUÉ]",[MASQUÉ],[MASQUÉ],,,,14/06/2011,"317, [MASQUÉ], 56408 [MASQUÉ]"
218,"Transaction #987630:
- Client : [MASQUÉ] : 3007 MAD
- Destinataire : IBAN [MASQUÉ]
- Date : 2025-02-26",[MASQUÉ],,[MASQUÉ],,[MASQUÉ],2025-02-26,
219,"Document d'identité :
- Nom : [MASQUÉ] : [MASQUÉ]
- Date de naissance : 16/09/1953
- Adresse : 55, [MASQUÉ], 10942 Dufour-sur-Pottier",[MASQUÉ],[MASQUÉ],,,,16/09/1953,"55, [MASQUÉ], 10942 Dufour-sur-Pottier"
220,"Transaction #916243:
- Client : [MASQUÉ] : 9155 MAD
- Destinataire : IBAN [MASQUÉ]
- Date : 2025-01-12",[MASQUÉ],,[MASQUÉ],,[MASQUÉ],2025-01-12,
221,"Contrat de location :
- Locataire : Théophile Daniel
- CIN : [MASQUÉ]
- Téléphone : [MASQUÉ]
- Adresse : 14, rue Lecoq, 97347 [MASQUÉ] : philippegenevieve@example.net",Théophile Daniel,[MASQUÉ],[MASQUÉ],philippegenevieve@example.net,,,"14, rue Lecoq, 97347 [MASQUÉ]"
222,"Contrat de location :
- Locataire : [MASQUÉ]
- CIN : [MASQUÉ]
- Téléphone : [MASQUÉ]
- Adresse : 746, rue de Schneider, 08575 [MASQUÉ] : philippine60@example.org",[MASQUÉ],[MASQUÉ],[MASQUÉ],philippine60@example.org,,,"746, rue de Schneider, 08575 [MASQUÉ]"
223,"Transaction #756791:
- Client : [MASQUÉ] : 8801 MAD
- Destinataire : IBAN [MASQUÉ]
- Date : 2025-04-06",[MASQUÉ],,4669133220,,[MASQUÉ],2025-04-06,
224,"[MASQUÉ] :
Objet : Facture #769976
Bonjour Édith Reynaud, votre paiement par carte JCB 16 digit terminée par 7557 a été enregistré le 2025-05-08.",,,,,,2025-05-08,
225,"Contrat de location :
- Locataire : Franck Pages
- CIN : [MASQUÉ]
- Téléphone : [MASQUÉ]
- Adresse : 6, chemin [MASQUÉ], 15332 [MASQUÉ] : hebertantoine@example.com",[MASQUÉ],[MASQUÉ],[MASQUÉ],hebertantoine@example.com,,,"6, chemin [MASQUÉ], 15332 [MASQUÉ]"
226,"Contrat de location :
- [MASQUÉ] : [MASQUÉ]
- CIN : [MASQUÉ]
- Téléphone : [MASQUÉ]
- Adresse : [MASQUÉ], 92233 [MASQUÉ] : marteldorothee@example.com",[MASQUÉ],[MASQUÉ],[MASQUÉ],marteldorothee@example.com,,,"rue de Lefort, 92233 [MASQUÉ]"
227,"Contrat de location :
- [MASQUÉ] : Odette [MASQUÉ]
- CIN : [MASQUÉ]
- Téléphone : [MASQUÉ]
- Adresse : 44, boulevard [MASQUÉ], 90760 Sainte Josephboeuf
- Email : antoinetteleconte@example.com",Odette [MASQUÉ],[MASQUÉ],[MASQUÉ],antoinetteleconte@example.com,,,"44, boulevard [MASQUÉ], 90760 Sainte Josephboeuf"
228,"Contrat de location :
- [MASQUÉ] : [MASQUÉ]
- CIN : [MASQUÉ]
- Téléphone : [MASQUÉ]
- Adresse : chemin de Gilbert, 79186 [MASQUÉ] : maryse84@example.net",[MASQUÉ],[MASQUÉ],[MASQUÉ],maryse84@example.net,,,"chemin de Gilbert, [MASQUÉ]"
229,"Transaction #315943:
- Client : [MASQUÉ] : 961 MAD
- Destinataire : IBAN [MASQUÉ]
- Date : 2025-05-13",[MASQUÉ],,[MASQUÉ],,[MASQUÉ],2025-05-13,
230,"[MASQUÉ] :
Objet : Facture #271899
[MASQUÉ], votre paiement par carte Mastercard terminée par 0459 a été enregistré le 2025-05-23.",,,,,,2025-05-23,
231,"Document d'identité :
- Nom : [MASQUÉ]
- CIN : [MASQUÉ]
- Date de naissance : 17/07/1909
- Adresse : 29, avenue [MASQUÉ], 86120 [MASQUÉ]",[MASQUÉ],[MASQUÉ],,,,17/07/1909,"29, avenue [MASQUÉ], 86120 [MASQUÉ]"
232,"Document d'identité :
- Nom : [MASQUÉ] CIN : [MASQUÉ]
- Date de naissance : 18/08/1953
- Adresse : rue [MASQUÉ], 79236 Samson",[MASQUÉ],[MASQUÉ],,,,18/08/1953,"rue [MASQUÉ], 79236 Samson"
233,"[MASQUÉ] :
Objet : Facture #460951
[MASQUÉ], votre paiement par carte JCB 16 digit terminée par 1153 a été enregistré le 2025-05-05.",,,,,,2025-05-05,
234,"Document d'identité :
- Nom : [MASQUÉ]
- CIN : [MASQUÉ]
- Date de naissance : 16/08/1945
- Adresse : 60, chemin [MASQUÉ], 50453 [MASQUÉ]",[MASQUÉ],[MASQUÉ],,,,16/08/1945,"60, chemin [MASQUÉ], 50453 [MASQUÉ]"
235,"Document d'identité :
- Nom : [MASQUÉ]
- CIN : [MASQUÉ]
- Date de naissance : 15/08/1958
- Adresse : 69, rue de Moreno, 44520 Sainte Gilbert",[MASQUÉ],[MASQUÉ],,,,15/08/1958,"69, rue de Moreno, 44520 Sainte Gilbert"
236,"Transaction #57138:
- Client : [MASQUÉ] : 1293 MAD
- Destinataire : IBAN [MASQUÉ]
- Date : 2025-05-09",[MASQUÉ],,[MASQUÉ],,[MASQUÉ],2025-05-09,
237,"Document d'identité :
- Nom : Anastasie Da Costa
- CIN : [MASQUÉ]
- Date de naissance : 28/03/2001
- Adresse : 61, rue Lebreton, 21413 Baron",Anastasie Da Costa,[MASQUÉ],,,,28/03/2001,"61, rue Lebreton, 21413 Baron"
238,"Document d'identité :
- Nom : [MASQUÉ]
- CIN : [MASQUÉ]
- Date de naissance : 14/07/2010
- Adresse : 79, rue [MASQUÉ], 02363 MarquesBourg",[MASQUÉ],[MASQUÉ],,,,14/07/2010,"79, rue [MASQUÉ], 02363 MarquesBourg"
239,"Document d'identité :
- Nom : [MASQUÉ]
- CIN : [MASQUÉ]
- Date de naissance : 30/03/1922
- Adresse : 50, avenue [MASQUÉ], 89920 [MASQUÉ]",[MASQUÉ],[MASQUÉ],,,,30/03/1922,"50, avenue [MASQUÉ], 89920 [MASQUÉ]"
240,"[MASQUÉ] :
Objet : Facture #944802
Bonjour Gérard Giraud, votre paiement par carte VISA 16 digit terminée par 1564 a été enregistré le 2025-05-23.",,,,,,2025-05-23,
241,"Contrat de location :
- Locataire : Louis de Boulay
- CIN : [MASQUÉ]
- Téléphone : [MASQUÉ]
- Adresse : avenue Bailly, 45938 Brunet
- Email : bertinalexandrie@example.net",[MASQUÉ],[MASQUÉ],[MASQUÉ],bertinalexandrie@example.net,,,"avenue Bailly, [MASQUÉ]"
242,"Document d'identité :
- Nom : [MASQUÉ]
- CIN : [MASQUÉ]
- Date de naissance : 03/07/1916
- Adresse : 14, rue Muller, [MASQUÉ]",[MASQUÉ],[MASQUÉ],,,,03/07/1916,"14, rue Muller, [MASQUÉ]"
243,"[MASQUÉ]
Objet : Facture #81784
Bonjour Lucie-Anaïs Masson, votre paiement par carte Diners Club / Carte Blanche terminée par 2401 a été enregistré le 2025-05-04.",,,,,,2025-05-04,
244,"Transaction #466109:
- Client : [MASQUÉ]
- Montant : 2370 MAD
- Destinataire : IBAN [MASQUÉ]
- Date : 2025-03-17",[MASQUÉ],,[MASQUÉ],,[MASQUÉ],2025-03-17,
245,"Transaction #978443:
- Client : [MASQUÉ]
- Montant : 5416 MAD
- Destinataire : IBAN [MASQUÉ]
- Date : 2025-05-02",[MASQUÉ],,[MASQUÉ],,[MASQUÉ],2025-05-02,
246,"Transaction #522598:
- Client : [MASQUÉ]
- Montant : 7723 MAD
- Destinataire : IBAN [MASQUÉ]
- Date : 2025-05-19",[MASQUÉ],,[MASQUÉ],,[MASQUÉ],2025-05-19,
247,"Document d'identité :
- Nom : Margaud-Victoire Bruneau
- CIN : [MASQUÉ]
- Date de naissance : 28/08/2016
- Adresse : 2, boulevard [MASQUÉ], 57725 Breton",Margaud,[MASQUÉ],,,,28/08/2016,"2, boulevard [MASQUÉ], 57725 Breton"
248,"Contrat de location :
- Locataire : [MASQUÉ]
- CIN : [MASQUÉ]
- Téléphone : [MASQUÉ]
- Adresse : 845, rue Mary, 17150 [MASQUÉ]
- Email : mariannegodard@example.com",[MASQUÉ],[MASQUÉ],[MASQUÉ],mariannegodard@example.com,,,"845, rue Mary, 17150 Guérin"
249,"Transaction #659420:
- Client : Théodore Roussel
- Montant : 3082 MAD
- Destinataire : IBAN [MASQUÉ]
- Date : 2025-01-03",[MASQUÉ],,1992070691,,[MASQUÉ],2025-01-03,
250,"[MASQUÉ] :
Objet : Facture #747242
[MASQUÉ], votre paiement par carte VISA 16 digit terminée par 3754 a été enregistré le 2025-05-08.",,,,,,2025-05-08,
251,"Transaction #534513:
- Client : [MASQUÉ]
- Montant : 6793 MAD
- Destinataire : IBAN [MASQUÉ]
- Date : 2025-05-08",[MASQUÉ],,4496939911,,[MASQUÉ],2025-05-08,
252,"[MASQUÉ] :
Objet : Facture #253824
Bonjour [MASQUÉ], votre paiement par carte Mastercard terminée par 9816 a été enregistré le 2025-05-20.",,,,,,2025-05-20,
253,"Document d'identité :
- Nom : [MASQUÉ]
- CIN : [MASQUÉ]
- Date de naissance : 08/10/2022
- Adresse : 92, boulevard [MASQUÉ], 78432 Marchand",[MASQUÉ],[MASQUÉ],,,,08/10/2022,"92, boulevard [MASQUÉ], 78432 Marchand"
254,"Transaction #251520:
- Client : [MASQUÉ]
- Montant : 9997 MAD
- Destinataire : IBAN [MASQUÉ]
- Date : 2025-04-19",[MASQUÉ],,[MASQUÉ],,[MASQUÉ],2025-04-19,
255,"Contrat de location :
- [MASQUÉ] : [MASQUÉ]
- CIN : [MASQUÉ]
- Téléphone : [MASQUÉ]
- Adresse : chemin [MASQUÉ], 34350 Hoareau-les-Bains
- Email : agautier@example.org",[MASQUÉ],[MASQUÉ],[MASQUÉ],agautier@example.org,,,"chemin [MASQUÉ], 34350 Hoareau-les-Bains"
256,"Document d'identité :
- Nom : [MASQUÉ] : [MASQUÉ]
- Date de naissance : 11/12/1999
- Adresse : 76, rue de Leclerc, 24102 Laine",[MASQUÉ],[MASQUÉ],,,,11/12/1999,"76, rue de Leclerc, 24102 Laine"
257,"[MASQUÉ] :
Objet : Facture #154891
[MASQUÉ], votre paiement par carte Maestro terminée par 9985 a été enregistré le 2025-05-22.",,,,,,2025-05-22,
258,"Contrat de location :
- [MASQUÉ] : [MASQUÉ]
- CIN : [MASQUÉ]
- Téléphone : [MASQUÉ]
- Adresse : 9, chemin [MASQUÉ], 21220 [MASQUÉ]
- Email : lpetitjean@example.com",[MASQUÉ],[MASQUÉ],[MASQUÉ],lpetitjean@example.com,,,"9, chemin [MASQUÉ], 21220 [MASQUÉ]"
259,"Transaction #148747:
- Client : [MASQUÉ] : 5513 MAD
- Destinataire : IBAN [MASQUÉ]
- Date : 2025-05-06",[MASQUÉ],,[MASQUÉ],,[MASQUÉ],2025-05-06,
260,"Contrat de location :
- [MASQUÉ] : [MASQUÉ]
- CIN : [MASQUÉ]
- Téléphone : [MASQUÉ]
- Adresse : [MASQUÉ], 52940 Valentin-sur-Merle
- Email : chantal33@example.net",[MASQUÉ],[MASQUÉ],[MASQUÉ],chantal33@example.net,,,"rue de Dupont, 52940 Valentin-sur-Merle"
261,"Document d'identité :
- Nom : [MASQUÉ]
- CIN : [MASQUÉ]
- Date de naissance : 03/04/1934
- Adresse : 45, avenue [MASQUÉ], 07194 Vallet",[MASQUÉ],[MASQUÉ],,,,03/04/1934,"45, avenue [MASQUÉ], 07194 Vallet"
262,"Transaction #228764:
- Client : [MASQUÉ]
- Montant : 6485 MAD
- Destinataire : IBAN [MASQUÉ]
- Date : 2025-01-03",[MASQUÉ],,[MASQUÉ],,[MASQUÉ],2025-01-03,
263,"Transaction #536001:
- Client : [MASQUÉ] : 5690 MAD
- Destinataire : IBAN [MASQUÉ]
- Date : 2025-05-15",[MASQUÉ],,[MASQUÉ],,[MASQUÉ],2025-05-15,
264,"[MASQUÉ] S.A.R.L. :
Objet : Facture #670048
Bonjour Brigitte Lévêque, votre paiement par carte Maestro terminée par 3722 a été enregistré le 2025-05-11.",,,,,,2025-05-11,
265,"Contrat de location :
- [MASQUÉ] : [MASQUÉ]
- CIN : [MASQUÉ]
- Téléphone : [MASQUÉ]
- Adresse : boulevard Leroux, 08244 Bigot
- Email : anne96@example.net",[MASQUÉ],[MASQUÉ],[MASQUÉ],anne96@example.net,,,"[MASQUÉ], 08244 Bigot"
266,"Transaction #488672:
- Client : [MASQUÉ]
- Montant : 2542 MAD
- Destinataire : IBAN [MASQUÉ]
- Date : 2025-01-12",[MASQUÉ],,[MASQUÉ],,[MASQUÉ],2025-01-12,
267,"Document d'identité :
- Nom : [MASQUÉ]
- CIN : [MASQUÉ]
- Date de naissance : 04/01/1989
- Adresse : rue [MASQUÉ], 20906 Saint MichelleVille",[MASQUÉ],[MASQUÉ],,,,04/01/1989,"rue [MASQUÉ], 20906 Saint MichelleVille"
268,"Contrat de location :
- Locataire : [MASQUÉ] [MASQUÉ]
- Téléphone : [MASQUÉ]
- Adresse : 77, boulevard [MASQUÉ], 38979 [MASQUÉ] : blanchetandre@example.org",[MASQUÉ] Bruneau,[MASQUÉ],[MASQUÉ],blanchetandre@example.org,,,"77, boulevard [MASQUÉ], 38979 [MASQUÉ]"
269,"Document d'identité :
- Nom : [MASQUÉ]
- CIN : [MASQUÉ]
- Date de naissance : 06/07/1957
- Adresse : 67, rue [MASQUÉ], 34790 Cordier",[MASQUÉ],[MASQUÉ],,,,06/07/1957,"67, rue [MASQUÉ], 34790 Cordier"
270,"Contrat de location :
- [MASQUÉ] : [MASQUÉ]
- CIN : [MASQUÉ]
- Téléphone : [MASQUÉ]
- Adresse : 3, rue [MASQUÉ], [MASQUÉ]-Bigot
- Email : ijacob@example.net",[MASQUÉ],[MASQUÉ],[MASQUÉ],ijacob@example.net,,,"3, rue [MASQUÉ], [MASQUÉ]Bigot"
271,"Transaction #274743:
- Client : [MASQUÉ]
- Montant : 6471 MAD
- Destinataire : IBAN [MASQUÉ]
- Date : 2025-01-17",[MASQUÉ] Potier,,[MASQUÉ],,[MASQUÉ],2025-01-17,
272,"Contrat de location :
- [MASQUÉ] : Odette [MASQUÉ] : [MASQUÉ]
- Téléphone : [MASQUÉ]
- Adresse : 45, boulevard [MASQUÉ], 10696 Martineau-les-Bains
- Email : sebastienmillet@example.org",Odette Daniel,[MASQUÉ],[MASQUÉ],sebastienmillet@example.org,,,"45, boulevard [MASQUÉ], 10696 Martineau-les-Bains"
273,"Transaction #484284:
- Client : [MASQUÉ] : 4173 MAD
- Destinataire : IBAN [MASQUÉ]
- Date : 2025-04-02",[MASQUÉ],,[MASQUÉ],,[MASQUÉ],2025-04-02,
274,"Document d'identité :
- Nom : [MASQUÉ]
- CIN : [MASQUÉ]
- Date de naissance : 16/10/1929
- Adresse : 55, boulevard [MASQUÉ], 20956 [MASQUÉ]",[MASQUÉ],[MASQUÉ],,,,16/10/1929,"55, boulevard [MASQUÉ], 20956 [MASQUÉ]"
275,"Transaction #896977:
- Client : [MASQUÉ] : 3117 MAD
- Destinataire : IBAN [MASQUÉ]
- Date : 2025-04-23",[MASQUÉ],,[MASQUÉ],,[MASQUÉ],2025-04-23,
276,"Contrat de location :
- Locataire : [MASQUÉ]
- CIN : [MASQUÉ]
- Téléphone : [MASQUÉ]
- Adresse : 51, rue de Guillou, 42508 Guichard-les-Bains
- Email : nicolasrobin@example.com",[MASQUÉ],[MASQUÉ],[MASQUÉ],nicolasrobin@example.com,,,"51, rue de Guillou, 42508 Guichard-les-Bains"
277,"[MASQUÉ] :
Objet : Facture #341268
Bonjour Eugène-Henri Hubert, votre paiement par carte VISA 13 digit terminée par 7586 a été enregistré le 2025-05-11.",,,,,,2025-05-11,
278,"Transaction #796304:
- Client : [MASQUÉ] : 8883 MAD
- Destinataire : IBAN [MASQUÉ]
- Date : 2025-03-28",[MASQUÉ],,[MASQUÉ],,[MASQUÉ],2025-03-28,
279,"Document d'identité :
- Nom : [MASQUÉ] CIN : [MASQUÉ]
- Date de naissance : 03/10/1996
- Adresse : 716, rue [MASQUÉ], 97325 [MASQUÉ]",[MASQUÉ],[MASQUÉ],,,,03/10/1996,"716, rue [MASQUÉ], 97325 [MASQUÉ]"
280,"Document d'identité :
- Nom : [MASQUÉ]
- CIN : [MASQUÉ]
- Date de naissance : 09/10/1939
- Adresse : 8, boulevard [MASQUÉ], 15613 Salmon",[MASQUÉ],[MASQUÉ],,,,09/10/1939,"8, boulevard [MASQUÉ], 15613 Salmon"
281,"[MASQUÉ] :
Objet : Facture #82290
Bonjour Éléonore de la Michel, votre paiement par carte JCB 15 digit terminée par 6525 a été enregistré le 2025-05-08.",,,,,,2025-05-08,
282,"Contrat de location :
- Locataire : [MASQUÉ]
- CIN : [MASQUÉ]
- Téléphone : [MASQUÉ]
- Adresse : 56, boulevard Boulay, 55492 [MASQUÉ]
- Email : allardwilliam@example.org",[MASQUÉ],[MASQUÉ],[MASQUÉ],allardwilliam@example.org,,,"56, boulevard Boulay, 55492 [MASQUÉ]"
283,"[MASQUÉ] Hamel SA :
Objet : Facture #941323
[MASQUÉ], votre paiement par carte Discover terminée par 1959 a été enregistré le 2025-05-02.",,,,,,2025-05-02,
284,"Document d'identité :
- Nom : [MASQUÉ]
- CIN : [MASQUÉ]
- Date de naissance : 22/09/1919
- Adresse : 75, rue Samson, 69635 Traore-sur-Texier",[MASQUÉ],[MASQUÉ],,,,22/09/1919,"75, rue Samson, 69635 Traore-sur-Texier"
285,"Contrat de location :
- [MASQUÉ] : [MASQUÉ] CIN : [MASQUÉ]
- Téléphone : [MASQUÉ]
- Adresse : 9, chemin [MASQUÉ], 88495 [MASQUÉ] : robertantoine@example.org",[MASQUÉ],[MASQUÉ],[MASQUÉ],robertantoine@example.org,,,"9, chemin [MASQUÉ], 88495 Morin"
286,"Contrat de location :
- Locataire : [MASQUÉ]
- CIN : [MASQUÉ]
- Téléphone : [MASQUÉ]
- Adresse : 53, rue de Maurice, 76805 [MASQUÉ] : diane98@example.org",[MASQUÉ],[MASQUÉ],[MASQUÉ],diane98@example.org,,,"53, rue de Maurice, 76805 [MASQUÉ]"
287,"Contrat de location :
- [MASQUÉ] : [MASQUÉ]
- CIN : [MASQUÉ]
- Téléphone : [MASQUÉ]
- Adresse : 76, chemin Devaux, 18628 Da Costa
- Email : laurencemasson@example.net",[MASQUÉ],[MASQUÉ],[MASQUÉ],laurencemasson@example.net,,,"76, chemin Devaux, 18628 Da Costa"
[MASQUÉ],"Document d'identité :
- Nom : [MASQUÉ]
- CIN : [MASQUÉ]
- Date de naissance : 20/05/2020
- Adresse : 46, rue de Guillou, [MASQUÉ]",Inès Legrand,[MASQUÉ],,,,20/05/2020,"46, rue de Guillou, [MASQUÉ]"
289,"[MASQUÉ] :
Objet : Facture #892639
[MASQUÉ], votre paiement par carte Mastercard terminée par 9676 a été enregistré le 2025-05-07.",,,,,,2025-05-07,
290,"Document d'identité :
- Nom : [MASQUÉ]
- CIN : [MASQUÉ]
- Date de naissance : 11/08/1920
- Adresse : chemin [MASQUÉ], [MASQUÉ]",[MASQUÉ],[MASQUÉ],,,,11/08/1920,"chemin [MASQUÉ], [MASQUÉ]"
291,"[MASQUÉ] :
Objet : Facture #93081
[MASQUÉ], votre paiement par carte Discover terminée par 0715 a été enregistré le 2025-05-06.",,,,,,2025-05-06,
292,"Transaction #949217:
- Client : [MASQUÉ] : 4966 MAD
- Destinataire : IBAN [MASQUÉ]
- Date : 2025-01-29",[MASQUÉ],,2389910201,,[MASQUÉ],2025-01-29,
293,"Document d'identité :
- Nom : [MASQUÉ] CIN : [MASQUÉ]
- Date de naissance : 11/11/1968
- Adresse : 109, avenue Pottier, 48566 RousseauBourg",[MASQUÉ],[MASQUÉ],,,,11/11/1968,"109, avenue Pottier, 48566 RousseauBourg"
294,"Document d'identité :
- Nom : [MASQUÉ]
- CIN : [MASQUÉ]
- Date de naissance : 07/09/1915
- Adresse : 6, [MASQUÉ], 75729 [MASQUÉ]",[MASQUÉ],[MASQUÉ],,,,07/09/1915,"6, [MASQUÉ], 75729 [MASQUÉ]"
295,"Transaction #583415:
- Client : [MASQUÉ] : 7829 MAD
- Destinataire : IBAN [MASQUÉ]
- Date : 2025-05-06",[MASQUÉ],,[MASQUÉ],,[MASQUÉ],2025-05-06,
296,"[MASQUÉ] :
Objet : Facture #995439
[MASQUÉ], votre paiement par carte JCB 15 digit terminée par 8654 a été enregistré le 2025-05-04.",,,,,,2025-05-04,
297,"Transaction #82021:
- Client : [MASQUÉ]
- Montant : 8342 MAD
- Destinataire : IBAN [MASQUÉ]
- Date : 2025-03-24",[MASQUÉ],,[MASQUÉ],,[MASQUÉ],2025-03-24,
298,"Transaction #996056:
- Client : [MASQUÉ]
- Montant : 2097 MAD
- Destinataire : IBAN [MASQUÉ]
- Date : 2025-01-18",[MASQUÉ],,[MASQUÉ],,[MASQUÉ],2025-01-18,
299,"Transaction #579162:
- Client : [MASQUÉ] : 5311 MAD
- Destinataire : IBAN [MASQUÉ]
- Date : 2025-04-09",[MASQUÉ],,[MASQUÉ],,[MASQUÉ],2025-04-09,
300,"Contrat de location :
- Locataire : [MASQUÉ]
- CIN : [MASQUÉ]
- Téléphone : [MASQUÉ]
- Adresse : 50, rue [MASQUÉ], 84678 [MASQUÉ] : le-gallyves@example.net",Adélaïde Collet,[MASQUÉ],[MASQUÉ],le-gallyves@example.net,,,"50, rue [MASQUÉ], 84678 Gérard"
